Commit Date,Total Files,Total Lines,C++ Header Files,C++ Header Lines,C++ Files,C++ Lines,C Header Files,C Header Lines,C Files,C Lines,Lua Files,Lua Lines,GLSL Files,GLSL Lines
2017-04-24 23:33:04 -0700,4,49,0,0,1,26,0,0,0,0,0,0,0,0
2017-04-25 10:50:00 -0700,4,51,0,0,1,26,0,0,0,0,0,0,0,0
2017-04-25 13:08:01 -0700,4,51,0,0,1,26,0,0,0,0,0,0,0,0
2017-04-25 17:55:23 -0700,4,51,0,0,1,26,0,0,0,0,0,0,0,0
2017-04-27 21:29:29 -0700,9,2493,0,0,1,26,0,0,0,0,0,0,0,0
2017-05-22 21:54:26 -0700,834,169370,293,55006,119,18590,9,2004,0,0,0,0,0,0
2017-06-04 22:05:08 -0500,845,169875,293,55006,123,18752,15,2345,0,0,0,0,0,0
2017-06-05 11:27:08 -0500,845,169875,293,55006,123,18752,15,2345,0,0,0,0,0,0
2017-06-05 16:33:10 -0500,845,169875,293,55006,123,18752,15,2345,0,0,0,0,0,0
2017-06-05 16:43:39 -0500,845,169875,293,55006,123,18752,15,2345,0,0,0,0,0,0
2017-06-05 16:47:12 -0500,845,169875,293,55006,123,18752,15,2345,0,0,0,0,0,0
2017-06-05 16:47:56 -0500,845,169875,293,55006,123,18752,15,2345,0,0,0,0,0,0
2017-06-05 16:50:46 -0500,845,169877,293,55006,123,18754,15,2345,0,0,0,0,0,0
2017-06-05 17:41:36 -0500,848,170143,293,55006,124,18936,17,2429,0,0,0,0,0,0
2017-06-05 17:54:12 -0500,848,170152,293,55006,124,18932,17,2442,0,0,0,0,0,0
2017-06-05 21:08:37 -0500,848,170132,293,55006,124,18924,17,2427,0,0,0,0,0,0
2017-06-06 19:26:10 -0500,850,170188,293,55006,125,18955,18,2452,0,0,0,0,0,0
2017-06-08 04:06:46 -0500,850,170189,293,55006,125,18955,18,2453,0,0,0,0,0,0
2017-06-08 19:06:06 -0500,850,170205,293,55006,125,18959,18,2465,0,0,0,0,0,0
2017-06-08 23:10:01 -0500,850,170238,293,55006,125,18956,18,2501,0,0,0,0,0,0
2017-06-08 23:56:39 -0500,850,170251,293,55006,125,18967,18,2503,0,0,0,0,0,0
2017-06-09 03:44:24 -0500,852,170379,293,55006,126,19044,19,2554,0,0,0,0,0,0
2017-06-11 01:17:11 -0500,852,170378,293,55006,126,19044,19,2553,0,0,0,0,0,0
2017-06-12 20:50:59 -0500,875,178668,294,55015,127,19081,40,10785,0,0,0,0,0,0
2017-06-12 22:28:31 -0500,876,178739,294,55015,128,19124,40,10813,0,0,0,0,0,0
2017-06-13 03:41:07 -0500,877,178762,294,55015,128,19127,40,10819,0,0,1,14,0,0
2017-06-22 17:25:16 -0500,877,178839,294,55015,128,19198,40,10834,0,0,1,5,0,0
2017-06-24 18:57:09 -0500,877,178839,294,55015,128,19198,40,10834,0,0,1,5,0,0
2017-06-24 19:22:45 -0500,877,178832,294,55015,128,19191,40,10834,0,0,1,5,0,0
2017-06-24 19:22:50 -0500,877,178833,294,55015,128,19192,40,10834,0,0,1,5,0,0
2017-07-08 16:02:47 -0700,877,178806,294,55015,128,19192,40,10834,0,0,1,5,0,0
2017-07-08 19:38:30 -0400,1165,279094,546,105374,134,20721,63,44941,6,14226,1,5,0,0
2017-07-09 22:18:10 -0400,1165,279130,546,105374,134,20682,63,45013,6,14226,1,5,0,0
2017-07-09 23:00:50 -0400,1166,279142,546,105374,135,20771,63,44936,6,14226,1,5,0,0
2017-07-10 03:18:52 -0400,1167,279223,546,105374,135,20815,64,44973,6,14226,1,5,0,0
2017-07-11 00:31:38 -0400,1167,279385,546,105374,135,20919,64,45031,6,14226,1,5,0,0
2017-07-15 21:06:03 -0400,1168,279420,546,105374,135,20971,65,45014,6,14226,1,5,0,0
2017-07-16 03:01:48 -0400,1168,279535,546,105374,135,21066,65,45034,6,14226,1,5,0,0
2017-07-16 03:02:14 -0400,1174,280418,546,105374,138,21489,68,45482,6,14226,1,5,0,0
2017-07-16 15:10:10 -0400,1181,280525,546,105374,140,21535,73,45543,6,14226,1,5,0,0
2017-08-20 12:37:25 -0400,1227,299272,546,105374,140,21759,118,64060,6,14226,1,5,0,0
2017-09-08 17:11:45 -0700,1225,299009,546,105374,139,21744,117,63812,6,14226,1,5,0,0
2017-09-08 17:17:50 -0700,1230,299444,546,105374,139,21766,122,64223,6,14226,1,5,0,0
2017-09-08 17:22:14 -0700,1236,300315,546,105374,141,22223,126,64637,6,14226,1,5,0,0
2017-09-08 17:24:54 -0700,1238,300564,546,105374,142,22393,127,64716,6,14226,1,5,0,0
2017-09-08 17:37:34 -0700,1224,299572,546,105374,136,21935,119,64182,6,14226,1,5,0,0
2017-09-11 15:37:47 -0700,1224,299580,546,105374,136,21935,119,64190,6,14226,1,5,0,0
2017-09-11 15:38:28 -0700,1224,299603,546,105374,136,21942,119,64206,6,14226,1,5,0,0
2017-09-11 20:06:14 -0700,1224,298103,546,105374,136,21942,119,64206,6,14226,1,5,0,0
2017-09-11 20:12:24 -0700,1228,298148,546,105374,139,21998,120,64210,6,14226,1,5,0,0
2017-09-11 23:09:33 -0700,1228,298154,546,105374,139,21998,120,64215,6,14226,1,5,0,0
2017-09-12 11:26:28 -0700,1228,298221,546,105374,139,21999,120,64281,6,14226,1,5,0,0
2017-09-12 13:19:16 -0700,1229,298240,546,105374,139,22005,121,64294,6,14226,1,5,0,0
2017-09-12 13:19:46 -0700,1229,298335,546,105374,139,22084,121,64310,6,14226,1,5,0,0
2017-09-12 15:55:07 -0700,1231,298494,546,105374,140,22180,122,64373,6,14226,1,5,0,0
2017-09-14 14:12:46 -0700,1232,298614,546,105374,140,22227,123,64446,6,14226,1,5,0,0
2017-09-14 15:20:54 -0700,1234,298720,546,105374,141,22293,124,64486,6,14226,1,5,0,0
2017-09-14 16:09:57 -0700,1234,298810,546,105374,141,22318,124,64551,6,14226,1,5,0,0
2017-09-14 21:44:49 -0700,1234,298812,546,105374,141,22320,124,64551,6,14226,1,5,0,0
2017-09-16 13:25:41 -0700,1236,298813,546,105374,142,22336,125,64536,6,14226,1,5,0,0
2017-09-16 15:38:07 -0700,1249,311042,547,105979,143,22402,133,69652,6,14226,1,5,0,0
2017-09-20 14:25:46 -0700,1249,311145,547,105979,143,22505,133,69652,6,14226,1,5,0,0
2017-09-22 17:12:10 -0700,1249,311286,547,105979,143,22632,133,69666,6,14226,1,5,0,0
2017-09-22 18:30:26 -0700,1265,336808,547,105979,149,39205,141,78512,6,14226,1,5,0,0
2017-09-25 15:58:17 -0700,1267,336856,547,105979,150,39233,142,78532,6,14226,1,5,0,0
2017-09-25 16:08:44 -0700,1267,336856,547,105979,150,39233,142,78532,6,14226,1,5,0,0
2017-09-27 18:34:26 -0700,1267,337299,547,105979,150,39601,142,78607,6,14226,1,5,0,0
2017-09-28 12:52:56 -0700,1268,337557,547,105979,151,39806,142,78660,6,14226,1,5,0,0
2017-09-28 12:59:50 -0700,1268,337609,547,105979,151,39851,142,78667,6,14226,1,5,0,0
2017-09-28 13:22:39 -0700,1273,338425,547,105979,153,40365,145,78969,6,14226,1,5,0,0
2017-09-28 15:52:21 -0700,1273,338421,547,105979,153,40365,145,78965,6,14226,1,5,0,0
2017-09-28 15:56:21 -0700,1274,338443,547,105979,154,40380,145,78972,6,14226,1,5,0,0
2017-09-28 23:31:12 -0700,1275,338546,547,105979,154,40458,145,78972,6,14226,2,30,0,0
2017-09-29 16:47:05 -0700,1281,338891,547,105979,157,40712,147,79029,6,14226,3,64,0,0
2017-09-29 23:58:08 -0700,1286,338983,547,105979,159,40738,150,79095,6,14226,3,64,0,0
2017-10-01 00:47:46 -0700,1289,339150,547,105979,160,40872,151,79107,6,14226,4,85,0,0
2017-10-01 12:12:34 -0700,1289,339154,547,105979,160,40875,151,79108,6,14226,4,85,0,0
2017-10-01 13:44:47 -0700,1289,339169,547,105979,160,40885,151,79108,6,14226,4,90,0,0
2017-10-01 20:15:09 -0700,1289,339265,547,105979,160,40981,151,79108,6,14226,4,90,0,0
2017-10-02 10:42:22 -0700,1291,339675,547,105979,161,41312,152,79187,6,14226,4,90,0,0
2017-10-04 16:15:28 -0700,1293,339832,547,105979,162,41421,153,79235,6,14226,4,90,0,0
2017-10-05 23:06:45 -0700,1295,339997,549,106237,162,41528,153,79035,6,14226,4,90,0,0
2017-10-05 23:12:26 -0700,1295,339997,549,106237,162,41528,153,79035,6,14226,4,90,0,0
2017-10-06 14:18:53 -0700,1301,340191,552,106503,165,41845,153,78646,6,14226,4,90,0,0
2017-10-09 21:30:53 -0700,1336,355452,552,106503,165,41903,188,93849,6,14226,4,90,0,0
2017-10-09 23:37:02 -0700,1336,355535,552,106509,165,41953,188,93876,6,14226,4,90,0,0
2017-10-11 12:00:53 -0700,1336,355606,552,106509,165,41969,188,93931,6,14226,4,90,0,0
2017-10-12 21:21:35 -0700,1338,356331,552,106514,166,42104,188,93980,6,14226,4,90,0,0
2017-10-16 13:48:46 -0700,1340,356439,552,106514,167,42191,189,94001,6,14226,4,90,0,0
2017-10-16 14:09:08 -0700,1340,356439,552,106514,167,42191,189,94001,6,14226,4,90,0,0
2017-10-16 15:49:05 -0700,1343,357270,552,106514,168,42851,191,94172,6,14226,4,90,0,0
2017-10-16 16:17:19 -0700,1343,357363,552,106514,168,42886,191,94230,6,14226,4,90,0,0
2017-10-17 20:55:17 -0700,1343,357710,552,106514,168,43085,191,94378,6,14226,4,90,0,0
2017-10-17 21:20:58 -0700,1343,357714,552,106514,168,43086,191,94381,6,14226,4,90,0,0
2017-10-17 21:39:43 -0700,1343,357731,552,106514,168,43095,191,94389,6,14226,4,90,0,0
2017-10-18 12:36:30 -0700,1343,357759,552,106514,168,43096,191,94416,6,14226,4,90,0,0
2017-10-18 13:44:40 -0700,1343,357809,552,106514,168,43096,191,94446,6,14226,4,90,0,0
2017-10-18 14:31:18 -0700,1343,357811,552,106514,168,43096,191,94448,6,14226,4,90,0,0
2017-10-18 14:50:23 -0700,1343,357813,552,106514,168,43096,191,94450,6,14226,4,90,0,0
2017-10-18 15:08:25 -0700,1346,358150,552,106514,169,43427,191,94447,6,14226,4,90,0,0
2017-10-18 16:51:25 -0700,1346,358171,552,106514,169,43437,191,94458,6,14226,4,90,0,0
2017-10-18 18:34:06 -0700,1346,358200,552,106514,169,43464,191,94460,6,14226,4,90,0,0
2017-10-18 19:08:41 -0700,1347,358873,552,106514,169,43496,191,94460,6,14226,4,90,0,0
2017-10-19 21:06:16 -0700,1347,358860,552,106514,169,43487,191,94456,6,14226,4,90,0,0
2017-10-20 12:22:11 -0700,1349,359121,552,106514,170,43693,192,94511,6,14226,4,90,0,0
2017-10-20 13:44:47 -0700,1349,359293,552,106514,170,43679,192,94511,6,14226,4,90,0,0
2017-10-20 16:25:36 -0700,1349,359320,552,106514,170,43704,192,94513,6,14226,4,90,0,0
2017-10-20 18:45:55 -0700,1349,359432,552,106514,170,43785,192,94552,6,14226,4,90,0,0
2017-10-20 18:51:23 -0700,1349,359432,552,106514,170,43785,192,94552,6,14226,4,90,0,0
2017-10-20 20:43:55 -0700,1349,359444,552,106514,170,43794,192,94555,6,14226,4,90,0,0
2017-10-25 14:34:52 -0700,1352,359642,552,106514,171,43944,194,94603,6,14226,4,90,0,0
2017-10-25 15:50:35 -0700,1357,360233,552,106514,174,44236,196,94737,6,14226,4,90,0,0
2017-10-25 15:58:09 -0700,1357,360232,552,106514,174,44235,196,94737,6,14226,4,90,0,0
2017-10-25 16:38:52 -0700,1357,360312,552,106514,174,44305,196,94747,6,14226,4,90,0,0
2017-10-25 16:43:27 -0700,1357,360336,552,106514,174,44305,196,94747,6,14226,4,90,0,0
2017-10-26 16:17:30 -0700,1357,360405,552,106514,174,44374,196,94747,6,14226,4,90,0,0
2017-10-27 18:50:04 -0700,1357,361677,552,106516,174,44306,196,94758,6,14226,4,90,0,0
2017-10-30 16:32:02 -0700,1357,361861,552,106516,174,44462,196,94786,6,14226,4,90,0,0
2017-10-30 18:56:33 -0700,1361,362680,552,106516,176,44972,198,95021,6,14226,4,90,0,0
2017-10-30 18:59:27 -0700,1361,362680,552,106516,176,44972,198,95021,6,14226,4,90,0,0
2017-10-30 23:38:18 -0700,1376,363231,552,106516,174,44808,195,95122,6,14226,4,90,20,614
2017-10-31 13:33:15 -0700,1376,363336,552,106516,174,44782,195,95209,6,14226,4,134,20,614
2017-11-01 14:38:46 -0700,1378,364144,552,106522,175,45472,196,95321,6,14226,4,134,20,614
2017-11-01 14:43:14 -0700,1378,364147,552,106522,175,45475,196,95321,6,14226,4,134,20,614
2017-11-01 15:00:46 -0700,1378,364147,552,106522,175,45475,196,95321,6,14226,4,134,20,614
2017-11-01 16:20:27 -0700,1378,364142,552,106522,175,45456,196,95335,6,14226,4,134,20,614
2017-11-01 16:31:19 -0700,1378,364169,552,106522,175,45477,196,95337,6,14226,4,134,20,614
2017-11-01 18:36:50 -0700,1378,362850,552,106522,175,45477,196,95337,6,14226,4,134,20,614
2017-11-02 12:00:45 -0700,1380,362930,552,106522,176,45529,197,95365,6,14226,4,134,20,614
2017-11-02 12:10:57 -0700,1380,362931,552,106522,176,45530,197,95365,6,14226,4,134,20,614
2017-11-03 12:07:18 -0700,1380,363046,552,106522,176,45641,197,95369,6,14226,4,134,20,614
2017-11-03 15:02:09 -0700,1382,363351,552,106522,177,45776,198,95500,6,14226,4,143,20,614
2017-11-03 15:06:28 -0700,1382,364531,552,106522,177,46891,198,95586,6,14226,4,143,20,614
2017-11-03 15:37:36 -0700,1382,364133,552,106522,177,46472,198,95586,6,14226,4,143,20,614
2017-11-03 15:41:34 -0700,1382,364143,552,106522,177,46482,198,95586,6,14226,4,143,20,614
2017-11-03 16:25:57 -0700,1384,364489,552,106522,177,46610,198,95621,6,14226,4,143,22,649
2017-11-03 16:43:31 -0700,1384,364527,552,106522,177,46648,198,95621,6,14226,4,143,22,649
2017-11-03 17:09:53 -0700,1384,364527,552,106522,177,46648,198,95621,6,14226,4,143,22,649
2017-11-03 17:10:04 -0700,1384,364583,552,106522,177,46704,198,95621,6,14226,4,143,22,649
2017-11-03 17:31:52 -0700,1384,364622,552,106522,177,46653,198,95625,6,14226,4,229,22,649
2017-11-03 19:05:46 -0700,1385,364725,552,106522,177,46666,198,95648,6,14226,5,296,22,649
2017-11-05 18:41:31 -0800,1385,364716,552,106522,177,46657,198,95648,6,14226,5,296,22,649
2017-11-06 16:51:15 -0800,1385,364717,552,106522,177,46658,198,95648,6,14226,5,296,22,649
2017-11-06 16:51:31 -0800,1385,364999,552,106522,177,46708,198,95661,6,14226,5,296,22,649
2017-11-07 15:51:01 -0800,1385,364997,552,106522,177,46706,198,95661,6,14226,5,296,22,649
2017-11-07 17:55:28 -0800,1385,365018,552,106522,177,46727,198,95661,6,14226,5,296,22,649
2017-11-07 18:50:57 -0800,1388,365161,552,106522,178,46792,199,95713,6,14226,6,322,22,649
2017-11-07 19:18:26 -0800,1388,365170,552,106522,178,46801,199,95713,6,14226,6,322,22,649
2017-11-07 19:33:24 -0800,1388,365177,552,106522,178,46808,199,95713,6,14226,6,322,22,649
2017-11-07 19:44:49 -0800,1388,365193,552,106522,178,46824,199,95713,6,14226,6,322,22,649
2017-11-08 00:41:55 -0800,1388,365486,552,106522,178,47071,199,95759,6,14226,6,322,22,649
2017-11-08 01:20:32 -0800,1388,365515,552,106522,178,47095,199,95764,6,14226,6,322,22,649
2017-11-08 10:15:44 -0800,1388,365518,552,106522,178,47095,199,95767,6,14226,6,322,22,649
2017-11-08 10:18:25 -0800,1388,365518,552,106522,178,47095,199,95767,6,14226,6,322,22,649
2017-11-09 12:47:27 -0800,1388,365527,552,106522,178,47102,199,95769,6,14226,6,322,22,649
2017-11-13 15:26:42 -0800,1388,365541,552,106522,178,47115,199,95770,6,14226,6,322,22,649
2017-11-13 16:35:56 -0800,1388,365620,552,106522,178,47192,199,95772,6,14226,6,322,22,649
2017-11-14 16:27:02 -0800,1388,365642,552,106522,178,47211,199,95775,6,14226,6,322,22,649
2017-11-14 16:27:15 -0800,1389,366159,552,106522,179,47657,199,95846,6,14226,6,322,22,649
2017-11-15 12:50:54 -0800,1389,366177,552,106522,179,47661,199,95860,6,14226,6,322,22,649
2017-11-15 13:29:54 -0800,1389,366283,552,106522,179,47672,199,95955,6,14226,6,322,22,649
2017-11-15 14:08:39 -0800,1391,366587,552,106522,180,47940,200,95989,6,14226,6,322,22,651
2017-11-15 14:11:37 -0800,1391,366587,552,106522,180,47940,200,95989,6,14226,6,322,22,651
2017-11-15 18:13:35 -0800,1391,366605,552,106522,180,47958,200,95989,6,14226,6,322,22,651
2017-11-15 18:13:47 -0800,1391,366663,552,106522,180,48007,200,95998,6,14226,6,322,22,651
2017-11-15 19:02:06 -0800,1391,366689,552,106522,180,48032,200,95999,6,14226,6,322,22,651
2017-11-15 19:02:17 -0800,1391,366770,552,106522,180,48065,200,96047,6,14226,6,322,22,651
2017-11-16 16:04:13 -0800,1393,366743,552,106522,181,48041,201,96044,6,14226,6,322,22,651
2017-11-16 16:10:42 -0800,1393,366743,552,106522,181,48041,201,96044,6,14226,6,322,22,651
2017-11-17 10:26:18 -0800,1393,366771,552,106522,181,48069,201,96044,6,14226,6,322,22,651
2017-11-17 13:54:36 -0800,1393,366773,552,106522,181,48069,201,96046,6,14226,6,322,22,651
2017-11-17 14:42:04 -0800,1393,366812,552,106522,181,48086,201,96048,6,14226,6,322,22,671
2017-11-17 15:50:46 -0800,1393,366813,552,106522,181,48086,201,96048,6,14226,6,322,22,672
2017-11-17 15:50:54 -0800,1393,366813,552,106522,181,48086,201,96048,6,14226,6,322,22,672
2017-11-17 15:58:12 -0800,1395,366915,552,106522,181,48091,202,96087,6,14226,7,380,22,672
2017-11-17 16:22:44 -0800,1395,366915,552,106522,181,48091,202,96087,6,14226,7,380,22,672
2017-11-17 16:24:29 -0800,1395,367091,552,106522,181,48260,202,96094,6,14226,7,380,22,672
2017-11-17 17:35:03 -0800,1395,367172,552,106522,181,48340,202,96095,6,14226,7,380,22,672
2017-11-17 17:49:37 -0800,1395,367840,552,106523,181,48916,202,96158,6,14226,7,408,22,672
2017-11-19 15:00:06 -0800,1399,368164,552,106523,182,49147,203,96184,6,14226,7,408,24,739
2017-11-19 15:05:26 -0800,1399,368166,552,106523,182,49148,203,96185,6,14226,7,408,24,739
2017-11-22 12:54:57 -0800,1399,368174,552,106523,182,49155,203,96186,6,14226,7,408,24,739
2017-11-22 12:56:28 -0800,1399,368466,552,106523,182,49334,203,96187,6,14226,7,520,24,739
2017-11-22 13:13:34 -0800,1399,368460,552,106523,182,49328,203,96187,6,14226,7,520,24,739
2017-11-22 19:01:51 -0800,1399,369313,552,106523,182,50047,203,96321,6,14226,7,520,24,739
2017-11-22 19:05:39 -0800,1399,369313,552,106523,182,50047,203,96321,6,14226,7,520,24,739
2017-11-22 19:10:17 -0800,1401,369602,552,106523,183,50187,203,96370,6,14226,8,620,24,739
2017-11-26 18:00:55 -0800,1401,369619,552,106523,183,50193,203,96364,6,14226,8,620,24,739
2017-11-26 18:09:24 -0800,1401,369590,552,106523,183,50193,203,96335,6,14226,8,620,24,739
2017-11-27 11:18:19 -0800,1401,369625,552,106523,183,50211,203,96353,6,14226,8,619,24,739
2017-11-27 12:14:23 -0800,1402,369668,552,106523,183,50211,203,96382,6,14226,9,633,24,739
2017-11-27 12:41:44 -0800,1402,369706,552,106523,183,50243,203,96388,6,14226,9,633,24,739
2017-11-28 11:51:54 -0800,1403,369750,552,106523,183,50276,203,96390,6,14226,9,633,24,739
2017-11-28 13:17:02 -0800,1403,369791,552,106523,183,50296,203,96404,6,14226,9,633,24,746
2017-11-28 15:00:52 -0800,1403,369791,552,106523,183,50296,203,96404,6,14226,9,633,24,746
2017-11-28 20:36:14 -0800,1404,369909,552,106525,183,50351,203,96464,6,14226,9,633,24,746
2017-11-28 21:42:18 -0800,1405,369931,552,106525,183,50363,203,96464,6,14226,10,643,24,746
2017-11-28 23:31:04 -0800,1411,372719,552,106525,183,50367,203,96479,6,14226,14,754,24,746
2017-11-29 12:55:01 -0800,1411,372731,552,106525,183,50377,203,96481,6,14226,14,754,24,746
2017-11-29 12:55:21 -0800,1411,373032,552,106525,183,50587,203,96572,6,14226,14,754,24,746
2017-11-29 13:25:24 -0800,1411,373048,552,106525,183,50603,203,96572,6,14226,14,754,24,746
2017-11-29 15:40:50 -0800,1413,373215,552,106525,184,50757,204,96585,6,14226,14,754,24,746
2017-11-29 16:07:29 -0800,1413,373249,552,106525,184,50774,204,96602,6,14226,14,754,24,746
2017-11-29 16:21:33 -0800,1413,373260,552,106525,184,50783,204,96604,6,14226,14,754,24,746
2017-12-01 14:44:49 -0800,1414,373633,552,106525,185,51141,204,96619,6,14226,14,754,24,746
2017-12-01 14:45:08 -0800,1421,399417,552,106525,185,51606,204,96712,6,14226,14,814,24,746
2017-12-01 14:45:29 -0800,1421,399436,552,106525,185,51617,204,96712,6,14226,14,814,24,754
2017-12-01 14:56:56 -0800,1421,399456,552,106525,185,51635,204,96714,6,14226,14,814,24,754
2017-12-01 16:16:20 -0800,1421,399619,552,106544,185,51741,204,96752,6,14226,14,814,24,754
2017-12-01 16:20:34 -0800,1421,399621,552,106544,185,51743,204,96752,6,14226,14,814,24,754
2017-12-01 17:20:45 -0800,1421,399621,552,106544,185,51743,204,96752,6,14226,14,814,24,754
2017-12-01 17:20:53 -0800,1422,406879,552,106544,185,51743,204,96752,6,14226,14,814,24,754
2017-12-01 17:25:48 -0800,1422,406879,552,106544,185,51743,204,96752,6,14226,14,814,24,754
2017-12-01 17:25:59 -0800,1425,406974,552,106544,185,51743,204,96752,6,14226,17,909,24,754
2017-12-01 18:01:17 -0800,1425,406974,552,106544,185,51743,204,96752,6,14226,17,909,24,754
2017-12-01 18:05:26 -0800,1425,407021,552,106544,185,51743,204,96799,6,14226,17,909,24,754
2017-12-03 00:21:57 -0800,1425,407031,552,106544,185,51753,204,96799,6,14226,17,909,24,754
2017-12-03 12:31:53 -0800,1429,419671,552,106544,185,51878,204,96818,6,14226,20,1021,24,754
2017-12-03 12:37:12 -0800,1429,419678,552,106544,185,51885,204,96818,6,14226,20,1021,24,754
2017-12-03 13:28:58 -0800,1429,419686,552,106544,185,51885,204,96826,6,14226,20,1021,24,754
2017-12-03 13:30:05 -0800,1429,419686,552,106544,185,51885,204,96826,6,14226,20,1021,24,754
2017-12-03 15:13:51 -0800,1432,419763,552,106544,185,51885,204,96829,6,14226,22,1094,24,754
2017-12-03 15:14:07 -0800,1432,419822,552,106544,185,51931,204,96842,6,14226,22,1094,24,754
2017-12-03 15:32:18 -0800,1432,420056,552,106544,185,51931,204,96842,6,14226,22,1094,24,754
2017-12-03 15:32:22 -0800,1432,420056,552,106544,185,51931,204,96842,6,14226,22,1094,24,754
2017-12-03 16:02:29 -0800,1432,420056,552,106544,185,51931,204,96842,6,14226,22,1094,24,754
2017-12-03 16:02:36 -0800,1432,420086,552,106544,185,51961,204,96842,6,14226,22,1094,24,754
2017-12-03 16:43:31 -0800,1432,423576,552,106544,185,51961,204,96842,6,14226,22,1094,24,754
2017-12-03 16:45:38 -0800,1432,423576,552,106544,185,51961,204,96842,6,14226,22,1094,24,754
2017-12-03 19:04:33 -0800,1434,429144,552,106544,185,51961,204,96843,6,14226,23,1118,24,754
2017-12-03 19:05:31 -0800,1439,402437,552,106544,185,51965,204,96860,6,14226,25,1380,24,754
2017-12-03 19:14:03 -0800,1439,399691,552,106544,185,51875,204,96860,6,14226,25,1380,24,754
2017-12-03 19:21:20 -0800,1439,399691,552,106544,185,51875,204,96860,6,14226,25,1380,24,754
2017-12-03 23:20:38 -0800,1439,399696,552,106544,185,51875,204,96860,6,14226,25,1385,24,754
2017-12-03 23:23:54 -0800,1439,399700,552,106544,185,51876,204,96869,6,14226,25,1379,24,754
2017-12-04 00:03:23 -0800,1439,399757,552,106544,185,51933,204,96869,6,14226,25,1379,24,754
2017-12-04 10:40:06 -0800,1439,399760,552,106544,185,51936,204,96869,6,14226,25,1379,24,754
2017-12-04 11:54:29 -0800,1439,399760,552,106544,185,51936,204,96869,6,14226,25,1379,24,754
2017-12-04 12:03:39 -0800,1439,399760,552,106544,185,51936,204,96869,6,14226,25,1379,24,754
2017-12-04 13:49:24 -0800,1439,399823,552,106544,185,51959,204,96874,6,14226,25,1414,24,754
2017-12-04 16:41:39 -0800,1439,394316,552,106544,185,51959,204,96874,6,14226,25,1449,24,754
2017-12-04 16:56:04 -0800,1439,394378,552,106544,185,51998,204,96877,6,14226,25,1469,24,754
2017-12-04 18:10:18 -0800,1439,394389,552,106544,185,51998,204,96877,6,14226,25,1476,24,758
2017-12-04 18:10:24 -0800,1440,394453,552,106544,185,52013,204,96877,6,14226,26,1525,24,758
2017-12-04 18:14:52 -0800,1440,394458,552,106544,185,52013,204,96877,6,14226,26,1525,24,763
2017-12-04 18:32:15 -0800,1441,394548,552,106544,185,52013,204,96877,6,14226,27,1615,24,763
2017-12-04 18:36:59 -0800,1443,394597,552,106544,185,52013,204,96877,6,14226,29,1664,24,763
2017-12-04 19:05:10 -0800,1444,394655,552,106544,185,52013,204,96877,6,14226,30,1722,24,763
2017-12-04 19:09:37 -0800,1444,394663,552,106544,185,52013,204,96877,6,14226,30,1722,24,763
2017-12-04 19:23:34 -0800,1446,394697,552,106544,185,52013,204,96883,6,14226,30,1736,24,763
2017-12-04 19:42:30 -0800,1446,394979,552,106544,185,52292,204,96886,6,14226,30,1736,24,763
2017-12-05 09:38:59 -0800,1446,395020,552,106544,185,52333,204,96886,6,14226,30,1736,24,763
2017-12-05 14:44:34 -0800,1444,386156,552,106544,185,52343,204,96889,6,14226,30,1764,24,763
2017-12-05 14:44:42 -0800,1444,386178,552,106544,185,52343,204,96911,6,14226,30,1764,24,763
2017-12-05 16:21:20 -0800,1446,386240,552,106544,185,52343,204,96911,6,14226,32,1826,24,763
2017-12-05 16:21:26 -0800,1446,386254,552,106544,185,52354,204,96914,6,14226,32,1826,24,763
2017-12-05 17:00:31 -0800,1446,386254,552,106544,185,52354,204,96914,6,14226,32,1826,24,763
2017-12-05 18:09:06 -0800,1448,386296,552,106544,185,52354,204,96914,6,14226,32,1850,24,763
2017-12-05 18:09:12 -0800,1448,386366,552,106544,185,52373,204,96914,6,14226,32,1901,24,763
2017-12-05 18:33:47 -0800,1448,386372,552,106544,185,52373,204,96914,6,14226,32,1907,24,763
2017-12-05 19:54:36 -0800,1449,386411,552,106544,185,52373,204,96914,6,14226,32,1937,24,763
2017-12-05 19:54:40 -0800,1449,386411,552,106544,185,52373,204,96914,6,14226,32,1937,24,763
2017-12-05 20:01:19 -0800,1449,386414,552,106544,185,52376,204,96914,6,14226,32,1937,24,763
2017-12-05 21:10:30 -0800,1449,385503,552,106544,185,52376,204,96914,6,14226,32,1958,24,763
2017-12-05 21:10:49 -0800,1452,385588,552,106544,185,52390,204,96920,6,14226,34,2022,24,763
2017-12-05 21:23:25 -0800,1452,385592,552,106544,185,52390,204,96920,6,14226,34,2026,24,763
2017-12-05 21:46:06 -0800,1452,385593,552,106544,185,52391,204,96920,6,14226,34,2026,24,763
2017-12-05 21:52:12 -0800,1453,385629,552,106544,185,52401,204,96921,6,14226,35,2051,24,763
2017-12-05 22:48:42 -0800,1452,385881,552,106550,185,52433,204,96945,6,14226,34,2095,24,909
2018-01-09 11:46:19 -0800,1453,385971,553,106598,185,52461,204,96959,6,14226,34,2095,24,909
2018-01-09 12:28:33 -0800,1454,385995,553,106599,185,52483,204,96959,6,14226,34,2095,24,909
2018-01-09 15:27:28 -0800,1454,385996,553,106599,185,52484,204,96959,6,14226,34,2095,24,909
2018-01-10 10:45:18 -0800,1464,386708,553,106599,185,52484,204,96959,6,14226,34,2095,24,909
2018-01-10 17:58:09 -0800,1469,386730,553,106599,185,52484,204,96959,6,14226,34,2112,24,909
2018-01-10 17:58:22 -0800,1479,386879,553,106599,185,52485,204,96959,6,14226,37,2237,24,909
2018-01-10 18:02:40 -0800,1476,386176,553,106599,185,52485,204,96959,6,14226,37,2239,24,909
2018-01-10 18:11:53 -0800,1478,386284,553,106599,186,52568,205,96984,6,14226,37,2239,24,909
2018-01-10 21:42:53 -0800,1479,386266,553,106599,186,52521,206,97013,6,14226,37,2239,24,909
2018-01-11 20:31:09 -0800,1479,386324,553,106599,186,52571,206,97021,6,14226,37,2239,24,909
2018-01-12 13:10:04 -0800,1471,386316,553,106599,186,52571,206,97021,6,14226,37,2239,24,909
2018-01-12 16:11:50 -0800,1471,386285,553,106599,186,52571,206,97021,6,14226,37,2208,24,909
2018-01-12 16:46:29 -0800,1471,386272,553,106599,186,52534,206,97045,6,14226,37,2208,24,909
2018-01-17 19:24:24 -0800,1475,386297,553,106599,186,52534,206,97045,6,14226,37,2229,24,909
2018-01-19 17:05:03 -0800,1481,387183,553,106599,187,52862,208,97128,6,14226,40,2704,24,909
2018-01-22 12:23:40 -0800,1481,387279,553,106599,187,52949,208,97132,6,14226,40,2709,24,909
2018-01-22 12:36:29 -0800,1475,387273,553,106599,187,52949,208,97132,6,14226,40,2709,24,909
2018-01-25 17:20:37 -0800,1477,387275,553,106599,187,52949,208,97132,6,14226,40,2709,24,909
2018-01-25 17:21:26 -0800,1536,409992,553,106599,187,52983,230,99824,42,34125,40,2790,24,909
2018-01-29 13:06:31 -0800,1536,410086,553,106599,187,52983,230,99824,42,34125,41,2885,24,909
2018-01-29 13:47:18 -0800,1536,410153,553,106599,187,53036,230,99838,42,34125,41,2885,24,909
2018-01-29 23:08:43 -0800,1536,410192,553,106599,187,53067,230,99846,42,34125,41,2885,24,909
2018-01-30 13:10:45 -0800,1538,410194,553,106599,187,53067,230,99846,42,34125,41,2885,24,909
2018-01-30 13:26:31 -0800,1538,410200,553,106599,187,53067,230,99846,42,34125,41,2891,24,909
2018-01-30 13:49:07 -0800,1539,410201,553,106599,187,53067,230,99846,42,34125,41,2891,24,909
2018-01-31 14:17:07 -0800,1539,410201,553,106599,187,53067,230,99846,42,34125,41,2891,24,909
2018-01-31 14:20:07 -0800,1550,410660,553,106599,187,53074,230,99845,42,34125,46,3338,24,909
2018-01-31 14:46:38 -0800,1551,410660,553,106599,187,53074,230,99845,42,34125,46,3337,24,909
2018-01-31 14:51:22 -0800,1551,410659,553,106599,187,53074,230,99845,42,34125,46,3336,24,909
2018-01-31 14:54:23 -0800,1551,410659,553,106599,187,53074,230,99845,42,34125,46,3336,24,909
2018-01-31 18:26:52 -0800,1554,410662,553,106599,187,53074,230,99845,42,34125,46,3336,24,909
2018-01-31 18:27:06 -0800,1554,410668,553,106599,187,53074,230,99845,42,34125,46,3342,24,909
2018-01-31 20:32:06 -0800,1554,410668,553,106599,187,53074,230,99845,42,34125,46,3342,24,909
2018-02-01 17:16:14 -0800,1562,410707,553,106599,187,53103,230,99847,42,34125,46,3342,24,909
2018-02-01 19:05:49 -0800,1565,410710,553,106599,187,53103,230,99847,42,34125,46,3342,24,909
2018-02-01 19:05:59 -0800,1565,410706,553,106599,187,53108,230,99846,42,34125,46,3334,24,909
2018-02-01 19:14:28 -0800,1565,410724,553,106599,187,53119,230,99853,42,34125,46,3334,24,909
2018-02-01 22:40:04 -0800,1566,410728,553,106599,187,53119,230,99853,42,34125,46,3337,24,909
2018-02-01 22:52:15 -0800,1566,410810,553,106599,187,53191,230,99863,42,34125,46,3337,24,909
2018-02-01 23:45:18 -0800,1566,410810,553,106599,187,53191,230,99863,42,34125,46,3337,24,909
2018-02-02 18:33:43 -0800,1566,410890,553,106599,187,53191,230,99863,42,34125,46,3417,24,909
2018-02-04 14:07:49 -0800,1577,411425,553,106599,187,53231,230,99889,42,34125,50,3855,24,909
2018-02-04 14:14:48 -0800,1577,411424,553,106599,187,53231,230,99889,42,34125,50,3854,24,909
2018-02-04 14:15:00 -0800,1577,411470,553,106599,187,53231,230,99889,42,34125,50,3900,24,909
2018-02-04 16:40:19 -0800,1577,411508,553,106599,187,53249,230,99891,42,34125,50,3918,24,909
2018-02-04 16:44:42 -0800,1592,411608,553,106599,187,53237,230,99891,42,34125,50,4007,24,909
2018-02-04 17:13:48 -0800,1592,411600,553,106599,187,53237,230,99891,42,34125,50,3999,24,909
2018-02-04 17:14:19 -0800,1596,411636,553,106599,187,53237,230,99891,42,34125,50,3999,24,909
2018-02-04 18:04:19 -0800,1596,411636,553,106599,187,53237,230,99891,42,34125,50,3999,24,909
2018-02-05 12:28:13 -0800,1596,411636,553,106599,187,53237,230,99891,42,34125,50,3999,24,909
2018-02-05 12:28:24 -0800,1596,411632,553,106599,187,53243,230,99891,42,34125,50,3989,24,909
2018-02-05 15:18:32 -0800,1596,411730,553,106599,187,53243,230,99891,42,34125,50,4087,24,909
2018-02-05 15:19:00 -0800,1597,411797,553,106599,187,53243,230,99891,42,34139,50,4139,24,909
2018-02-05 15:33:39 -0800,1598,411824,553,106599,187,53243,230,99891,42,34139,51,4166,24,909
2018-02-05 16:05:52 -0800,1599,411825,553,106599,187,53243,230,99891,42,34139,51,4166,24,909
2018-02-05 19:26:48 -0800,1599,411825,553,106599,187,53243,230,99891,42,34139,51,4166,24,909
2018-02-05 20:37:49 -0800,1599,411832,553,106599,187,53243,230,99891,42,34139,51,4173,24,909
2018-02-05 20:37:53 -0800,1600,411861,553,106599,187,53243,230,99891,42,34139,52,4202,24,909
2018-02-05 20:42:49 -0800,1600,411865,553,106599,187,53243,230,99891,42,34139,52,4206,24,909
2018-02-06 16:55:07 -0800,1602,411982,553,106599,187,53243,230,99891,42,34139,54,4323,24,909
2018-02-06 19:24:10 -0800,1602,411986,553,106599,187,53243,230,99891,42,34139,54,4327,24,909
2018-02-06 23:15:07 -0800,1602,411986,553,106599,187,53243,230,99891,42,34139,54,4327,24,909
2018-02-07 15:56:36 -0800,1605,412064,553,106599,187,53243,230,99891,42,34139,56,4404,24,909
2018-02-07 15:56:40 -0800,1605,412075,553,106599,187,53243,230,99891,42,34139,56,4415,24,909
2018-02-07 18:49:34 -0800,1605,412105,553,106599,187,53243,230,99891,42,34139,56,4445,24,909
2018-02-07 18:51:32 -0800,1606,412196,553,106599,187,53243,230,99891,42,34139,56,4535,24,909
2018-02-07 20:26:08 -0800,1607,412203,553,106599,187,53243,230,99891,42,34139,56,4541,24,909
2018-02-07 20:26:18 -0800,1611,412273,553,106599,187,53257,230,99891,42,34139,58,4587,24,909
2018-02-07 20:44:03 -0800,1611,412273,553,106599,187,53257,230,99891,42,34139,58,4587,24,909
2018-02-08 00:05:50 -0800,1611,412274,553,106599,187,53257,230,99891,42,34139,58,4588,24,909
2018-02-08 15:18:32 -0800,1611,412282,553,106599,187,53257,230,99891,42,34139,58,4596,24,909
2018-02-08 16:00:26 -0800,1611,412286,553,106599,187,53261,230,99891,42,34139,58,4596,24,909
2018-02-08 17:47:15 -0800,1611,412331,553,106599,187,53261,230,99891,42,34139,58,4641,24,909
2018-02-08 17:47:20 -0800,1611,412361,553,106599,187,53261,230,99891,42,34139,58,4671,24,909
2018-02-08 18:01:59 -0800,1611,412346,553,106599,187,53261,230,99891,42,34139,58,4656,24,909
2018-02-08 18:05:01 -0800,1611,412345,553,106599,187,53261,230,99891,42,34139,58,4655,24,909
2018-02-08 19:08:18 -0800,1612,412344,553,106599,187,53261,230,99891,42,34139,58,4653,24,909
2018-02-08 20:07:49 -0800,1612,412345,553,106599,187,53261,230,99891,42,34139,58,4654,24,909
2018-02-11 22:44:14 -0800,1610,411293,553,106599,187,53270,230,99891,40,33078,58,4654,24,909
2018-02-12 19:57:07 -0800,1611,411303,553,106599,187,53270,230,99891,40,33078,58,4654,24,909
2018-02-12 19:57:11 -0800,1611,411337,553,106599,187,53279,230,99893,40,33078,58,4677,24,909
2018-02-12 22:56:53 -0800,1611,411378,553,106599,187,53281,230,99932,40,33078,58,4677,24,909
2018-02-16 16:57:32 -0800,1612,411434,553,106599,187,53293,230,99935,40,33078,58,4677,25,950
2018-02-16 16:58:38 -0800,1615,411496,553,106599,187,53339,230,99940,40,33078,60,4687,25,950
2018-02-20 11:43:16 -0800,1615,411503,553,106599,187,53340,230,99941,40,33078,60,4687,25,955
2018-02-21 19:56:15 -0800,1615,411515,553,106599,187,53344,230,99949,40,33078,60,4687,25,955
2018-02-21 20:13:43 -0800,1615,411515,553,106599,187,53344,230,99949,40,33078,60,4687,25,955
2018-02-21 21:19:23 -0800,1615,411530,553,106599,187,53344,230,99949,40,33078,60,4702,25,955
2018-02-23 19:08:45 -0800,1618,411533,553,106599,187,53344,230,99949,40,33078,60,4702,25,955
2018-02-26 12:01:34 -0800,1616,411560,553,106599,187,53347,230,99951,40,33078,60,4702,25,955
2018-02-27 15:35:04 -0800,1617,411565,553,106599,187,53347,230,99951,40,33078,61,4707,25,955
2018-02-27 15:35:10 -0800,1618,411736,553,106599,187,53451,231,100019,40,33078,61,4707,25,955
2018-02-27 16:24:49 -0800,1619,411737,553,106599,187,53451,231,100019,40,33078,61,4707,25,955
2018-02-27 17:43:41 -0800,1620,411789,553,106599,187,53451,231,100019,40,33078,61,4758,25,955
2018-02-27 17:44:21 -0800,1629,412141,553,106599,187,53451,231,100037,40,33078,64,5086,25,955
2018-02-27 19:26:37 -0800,1629,412142,553,106599,187,53451,231,100037,40,33078,64,5087,25,955
2018-02-27 19:27:21 -0800,1629,412142,553,106599,187,53451,231,100037,40,33078,64,5087,25,955
2018-02-27 19:48:18 -0800,1629,412142,553,106599,187,53451,231,100037,40,33078,64,5087,25,955
2018-03-01 20:30:57 -0800,1639,412597,553,106599,187,53475,231,100038,40,33078,67,5506,25,959
2018-03-02 14:48:45 -0800,1639,412597,553,106599,187,53475,231,100038,40,33078,67,5506,25,959
2018-03-02 14:49:44 -0800,1639,412597,553,106599,187,53475,231,100038,40,33078,67,5506,25,959
2018-03-02 15:29:05 -0800,1639,412597,553,106599,187,53475,231,100038,40,33078,67,5506,25,959
2018-03-02 16:29:28 -0800,1639,412597,553,106599,187,53475,231,100038,40,33078,67,5506,25,959
2018-03-02 18:57:24 -0800,1642,412599,553,106599,187,53475,231,100038,40,33078,67,5505,25,959
2018-03-05 14:22:51 -0800,1643,412683,553,106599,187,53558,231,100038,40,33078,67,5505,25,959
2018-03-09 13:13:24 -0800,1644,412692,553,106599,187,53558,231,100038,40,33078,67,5505,25,959
2018-03-09 13:14:07 -0800,1646,412929,553,106599,187,53722,231,100057,40,33078,67,5537,25,979
2018-03-09 16:49:36 -0800,1647,412930,553,106599,187,53722,231,100057,40,33078,67,5537,25,979
2018-03-09 16:50:10 -0800,1651,413246,553,106599,187,53806,231,100073,40,33078,70,5749,25,982
2018-03-09 17:30:54 -0800,1651,413246,553,106599,187,53806,231,100073,40,33078,70,5749,25,982
2018-03-09 17:31:01 -0800,1652,413333,553,106599,187,53811,231,100154,40,33078,70,5749,25,982
2018-03-09 18:17:47 -0800,1652,413333,553,106599,187,53811,231,100154,40,33078,70,5749,25,982
2018-03-10 19:57:13 -0700,1652,413365,553,106599,187,53811,231,100154,40,33078,70,5781,25,982
2018-03-10 19:57:38 -0700,1663,413407,553,106599,187,53811,231,100154,40,33078,71,5813,25,982
2018-03-10 20:13:01 -0700,1663,413407,553,106599,187,53811,231,100154,40,33078,71,5813,25,982
2018-03-10 20:18:30 -0700,1663,413407,553,106599,187,53811,231,100154,40,33078,71,5813,25,982
2018-03-10 20:20:23 -0700,1663,413407,553,106599,187,53811,231,100154,40,33078,71,5813,25,982
2018-03-10 20:20:46 -0700,1663,413407,553,106599,187,53811,231,100154,40,33078,71,5813,25,982
2018-03-11 01:31:45 -0700,1664,413408,553,106599,187,53811,231,100154,40,33078,71,5813,25,982
2018-03-13 11:50:35 -0700,1664,413411,553,106599,187,53812,231,100156,40,33078,71,5813,25,982
2018-03-14 21:03:42 -0700,1666,413413,553,106599,187,53812,231,100156,40,33078,71,5813,25,982
2018-03-15 14:40:20 -0700,1666,413413,553,106599,187,53812,231,100156,40,33078,71,5813,25,982
2018-03-15 14:41:14 -0700,1666,413413,553,106599,187,53812,231,100156,40,33078,71,5813,25,982
2018-03-15 15:05:06 -0700,1667,413414,553,106599,187,53812,231,100156,40,33078,71,5813,25,982
2018-03-15 15:09:47 -0700,1667,413414,553,106599,187,53812,231,100156,40,33078,71,5813,25,982
2018-03-16 15:15:55 -0700,1671,413559,553,106599,187,53812,231,100156,40,33078,72,5955,25,982
2018-03-16 15:46:39 -0700,1673,413591,553,106599,187,53812,231,100156,40,33078,73,5986,25,982
2018-03-16 16:48:10 -0700,1673,413616,553,106599,187,53812,231,100156,40,33078,73,6011,25,982
2018-03-16 17:11:01 -0700,1675,413670,553,106599,187,53812,231,100156,40,33078,74,6064,25,982
2018-03-16 21:59:23 -0700,1687,413870,553,106599,187,53812,231,100156,40,33078,76,6254,25,982
2018-03-30 16:10:40 -0700,1692,414316,553,106599,187,53840,231,100167,40,33078,78,6658,25,982
2018-03-30 17:18:40 -0700,1692,414317,553,106599,187,53840,231,100167,40,33078,78,6659,25,982
2018-03-30 17:30:54 -0700,1692,414326,553,106599,187,53849,231,100167,40,33078,78,6659,25,982
2018-03-30 17:59:50 -0700,1692,414333,553,106599,187,53858,231,100167,40,33078,78,6657,25,982
2018-03-30 18:24:20 -0700,1694,414337,553,106599,187,53858,231,100167,40,33078,78,6659,25,982
2018-03-30 18:28:27 -0700,1694,414337,553,106599,187,53858,231,100167,40,33078,78,6659,25,982
2018-04-02 13:22:48 -0700,1694,414337,553,106599,187,53858,231,100167,40,33078,78,6659,25,982
2018-04-02 13:49:14 -0700,1693,414336,553,106599,187,53858,231,100167,40,33078,78,6659,25,982
2018-04-02 14:03:42 -0700,1692,414327,553,106599,187,53858,231,100167,40,33078,78,6659,25,982
2018-04-02 14:23:32 -0700,1693,414328,553,106599,187,53858,231,100167,40,33078,78,6659,25,982
2018-04-03 11:09:32 -0700,1693,414331,553,106599,187,53861,231,100167,40,33078,78,6659,25,982
2018-04-03 11:10:30 -0700,1694,414670,553,106599,187,53978,231,100181,40,33078,78,6866,25,982
2018-04-03 11:21:12 -0700,1694,414670,553,106599,187,53978,231,100181,40,33078,78,6866,25,982
2018-04-03 11:45:06 -0700,1694,414670,553,106599,187,53978,231,100181,40,33078,78,6866,25,982
2018-04-03 11:49:10 -0700,1694,414670,553,106599,187,53978,231,100181,40,33078,78,6866,25,982
2018-04-03 11:53:42 -0700,1694,414670,553,106599,187,53978,231,100181,40,33078,78,6866,25,982
2018-04-03 23:14:45 -0700,1694,414670,553,106599,187,53978,231,100181,40,33078,78,6866,25,982
2018-04-03 23:15:22 -0700,1656,400915,553,106599,187,53984,231,100181,40,33078,77,6866,25,982
2018-04-04 14:33:49 -0700,1656,400919,553,106599,187,53986,231,100183,40,33078,77,6866,25,982
2018-04-04 16:38:47 -0700,1656,400919,553,106599,187,53986,231,100183,40,33078,77,6866,25,982
2018-04-04 16:51:56 -0700,1656,400919,553,106599,187,53986,231,100183,40,33078,77,6866,25,982
2018-04-04 16:53:03 -0700,1656,400919,553,106599,187,53986,231,100183,40,33078,77,6866,25,982
2018-04-04 16:53:16 -0700,1656,400919,553,106599,187,53986,231,100183,40,33078,77,6866,25,982
2018-04-04 17:13:16 -0700,1656,400924,553,106599,187,53986,231,100183,40,33078,77,6871,25,982
2018-04-06 14:53:57 -0700,1656,400972,553,106599,187,54032,231,100185,40,33078,77,6871,25,982
2018-04-06 14:57:39 -0700,1658,401138,553,106599,187,54032,231,100185,40,33078,78,7036,25,982
2018-04-06 14:58:44 -0700,1658,401138,553,106599,187,54032,231,100185,40,33078,78,7036,25,982
2018-04-06 15:33:01 -0700,1658,401138,553,106599,187,54032,231,100185,40,33078,78,7036,25,982
2018-04-06 15:48:34 -0700,1658,401138,553,106599,187,54032,231,100185,40,33078,78,7036,25,982
2018-04-06 16:09:47 -0700,1661,401240,553,106599,187,54032,231,100185,40,33078,80,7137,25,982
2018-04-07 20:41:51 -0700,1664,401351,553,106599,187,54038,232,100201,40,33078,80,7216,25,982
2018-04-08 01:20:08 -0700,1665,401500,553,106599,187,54038,232,100201,40,33078,81,7365,25,982
2018-04-08 01:50:13 -0700,1665,401524,553,106599,187,54038,232,100201,40,33078,81,7389,25,982
2018-04-08 12:39:30 -0700,1665,401581,553,106599,187,54053,232,100201,40,33078,81,7431,25,982
2018-04-08 14:27:12 -0700,1665,401581,553,106599,187,54053,232,100201,40,33078,81,7431,25,982
2018-04-08 18:35:09 -0700,1666,401615,553,106599,187,54038,232,100201,40,33078,81,7479,25,982
2018-04-09 11:03:47 -0700,1666,401615,553,106599,187,54038,232,100201,40,33078,81,7479,25,982
2018-04-09 12:51:20 -0700,1666,401651,553,106599,187,54074,232,100201,40,33078,81,7479,25,982
2018-04-09 12:51:31 -0700,1667,401739,553,106599,187,54074,232,100202,40,33078,82,7566,25,982
2018-04-09 12:59:33 -0700,1667,401748,553,106599,187,54074,232,100202,40,33078,82,7575,25,982
2018-04-09 14:30:31 -0700,1668,401799,553,106599,187,54074,232,100202,40,33078,83,7626,25,982
2018-04-09 14:30:42 -0700,1671,401894,553,106599,187,54074,232,100202,40,33078,83,7702,25,982
2018-04-09 14:37:11 -0700,1671,401879,553,106599,187,54059,232,100202,40,33078,83,7702,25,982
2018-04-10 15:48:56 -0700,1646,400116,553,106599,187,54059,232,100202,40,33078,61,5942,25,982
2018-04-10 15:49:11 -0700,1637,400408,553,106599,187,54067,232,100208,40,33078,63,6231,25,982
2018-04-10 17:40:54 -0700,1637,400408,553,106599,187,54067,232,100208,40,33078,63,6231,25,982
2018-04-10 22:10:22 -0700,1637,400429,553,106599,187,54067,232,100208,40,33078,63,6252,25,982
2018-04-10 22:17:49 -0700,1637,400429,553,106599,187,54067,232,100208,40,33078,63,6252,25,982
2018-04-11 16:18:34 -0700,1638,400430,553,106599,187,54067,232,100208,40,33078,63,6252,25,982
2018-04-12 19:02:03 -0700,1639,400431,553,106599,187,54067,232,100208,40,33078,63,6252,25,982
2018-04-12 19:02:50 -0700,1639,400503,553,106599,187,54071,232,100208,40,33078,63,6320,25,982
2018-04-12 19:24:03 -0700,1639,400503,553,106599,187,54071,232,100208,40,33078,63,6320,25,982
2018-04-12 19:24:11 -0700,1639,400503,553,106599,187,54071,232,100208,40,33078,63,6320,25,982
2018-04-12 19:53:32 -0700,1642,400506,553,106599,187,54071,232,100208,40,33078,63,6320,25,982
2018-04-12 19:54:27 -0700,1642,400506,553,106599,187,54071,232,100208,40,33078,63,6320,25,982
2018-04-13 16:49:03 -0700,1644,400508,553,106599,187,54071,232,100208,40,33078,63,6320,25,982
2018-04-13 16:49:41 -0700,1604,382285,553,106599,187,54095,188,81818,40,33078,63,6419,25,982
2018-04-13 16:56:02 -0700,1604,382285,553,106599,187,54095,188,81818,40,33078,63,6419,25,982
2018-04-13 17:05:01 -0700,1604,382285,553,106599,187,54095,188,81818,40,33078,63,6419,25,982
2018-04-13 17:09:20 -0700,1604,382285,553,106599,187,54095,188,81818,40,33078,63,6419,25,982
2018-04-13 17:19:42 -0700,1604,382209,553,106599,187,54018,188,81818,40,33078,63,6420,25,982
2018-04-13 17:33:11 -0700,1604,382218,553,106599,187,54018,188,81818,40,33078,63,6429,25,982
2018-04-13 17:35:20 -0700,1604,382221,553,106599,187,54018,188,81818,40,33078,63,6432,25,982
2018-04-13 17:57:49 -0700,1604,382263,553,106599,187,54018,188,81818,40,33078,63,6474,25,982
2018-04-13 17:59:59 -0700,1604,382263,553,106599,187,54018,188,81818,40,33078,63,6474,25,982
2018-04-13 18:45:01 -0700,1604,382264,553,106599,187,54018,188,81818,40,33078,63,6475,25,982
2018-04-13 18:47:29 -0700,1604,382264,553,106599,187,54018,188,81818,40,33078,63,6475,25,982
2018-04-13 18:48:50 -0700,1604,382271,553,106599,187,54021,188,81822,40,33078,63,6475,25,982
2018-04-14 02:07:15 -0700,1604,382271,553,106599,187,54021,188,81822,40,33078,63,6475,25,982
2018-04-14 11:45:00 -0700,1604,382271,553,106599,187,54021,188,81822,40,33078,63,6475,25,982
2018-04-14 12:53:59 -0700,1605,382272,553,106599,187,54021,188,81822,40,33078,63,6475,25,982
2018-04-14 13:42:18 -0700,1605,382272,553,106599,187,54021,188,81822,40,33078,63,6475,25,982
2018-04-14 13:47:51 -0700,1605,382272,553,106599,187,54021,188,81822,40,33078,63,6475,25,982
2018-04-14 15:02:29 -0700,1605,382272,553,106599,187,54021,188,81822,40,33078,63,6475,25,982
2018-04-14 15:20:28 -0700,1606,382273,553,106599,187,54021,188,81822,40,33078,63,6475,25,982
2018-04-14 15:46:30 -0700,1606,382273,553,106599,187,54021,188,81822,40,33078,63,6475,25,982
2018-04-14 15:57:11 -0700,1606,382273,553,106599,187,54021,188,81822,40,33078,63,6475,25,982
2018-04-14 16:05:08 -0700,1606,382273,553,106599,187,54021,188,81822,40,33078,63,6475,25,982
2018-04-14 16:08:32 -0700,1606,382273,553,106599,187,54021,188,81822,40,33078,63,6475,25,982
2018-04-14 16:08:38 -0700,1609,382381,553,106599,187,54021,188,81822,40,33078,64,6573,25,982
2018-04-14 16:27:54 -0700,1609,382381,553,106599,187,54021,188,81822,40,33078,64,6573,25,982
2018-04-14 16:28:12 -0700,1609,382381,553,106599,187,54021,188,81822,40,33078,64,6573,25,982
2018-04-14 19:23:42 -0700,1610,382382,553,106599,187,54021,188,81822,40,33078,64,6573,25,982
2018-04-14 19:23:58 -0700,1614,382421,553,106599,187,54021,188,81822,40,33078,65,6609,25,982
2018-04-14 19:46:04 -0700,1614,382421,553,106599,187,54021,188,81822,40,33078,65,6609,25,982
2018-04-14 19:46:07 -0700,1614,382421,553,106599,187,54021,188,81822,40,33078,65,6609,25,982
2018-04-14 20:01:53 -0700,1614,382421,553,106599,187,54021,188,81822,40,33078,65,6609,25,982
2018-04-14 21:22:41 -0700,1614,382421,553,106599,187,54021,188,81822,40,33078,65,6609,25,982
2018-04-14 21:22:46 -0700,1614,382421,553,106599,187,54021,188,81822,40,33078,65,6609,25,982
2018-04-14 21:46:43 -0700,1615,382680,554,106842,187,54033,188,81826,40,33078,65,6609,25,982
2018-04-15 00:06:44 -0700,1615,382686,554,106847,187,54033,188,81827,40,33078,65,6609,25,982
2018-04-15 00:42:29 -0700,1615,382686,554,106847,187,54033,188,81827,40,33078,65,6609,25,982
2018-04-15 01:02:03 -0700,1615,382686,554,106847,187,54033,188,81827,40,33078,65,6609,25,982
2018-04-15 01:49:28 -0700,1615,382686,554,106847,187,54033,188,81827,40,33078,65,6609,25,982
2018-04-15 12:34:01 -0700,1615,382686,554,106847,187,54033,188,81827,40,33078,65,6609,25,982
2018-04-15 12:34:35 -0700,1615,382717,554,106847,187,54033,188,81827,40,33078,65,6640,25,982
2018-04-15 13:38:58 -0700,1615,382717,554,106847,187,54033,188,81827,40,33078,65,6640,25,982
2018-04-15 13:40:34 -0700,1615,382717,554,106847,187,54033,188,81827,40,33078,65,6640,25,982
2018-04-15 14:44:33 -0700,1615,382717,554,106847,187,54033,188,81827,40,33078,65,6640,25,982
2018-04-15 14:44:53 -0700,1615,382717,554,106847,187,54033,188,81827,40,33078,65,6640,25,982
2018-04-15 14:51:04 -0700,1615,382717,554,106847,187,54033,188,81827,40,33078,65,6640,25,982
2018-04-15 14:58:49 -0700,1615,382717,554,106847,187,54033,188,81827,40,33078,65,6640,25,982
2018-04-15 15:21:58 -0700,1615,382717,554,106847,187,54033,188,81827,40,33078,65,6640,25,982
2018-04-15 15:23:22 -0700,1615,382774,554,106847,187,54033,188,81827,40,33078,65,6697,25,982
2018-04-15 15:31:32 -0700,1616,382775,554,106847,187,54033,188,81827,40,33078,65,6697,25,982
2018-04-15 16:17:20 -0700,1616,382785,554,106847,187,54033,188,81827,40,33078,65,6707,25,982
2018-04-15 16:18:21 -0700,1617,382785,554,106847,187,54033,188,81827,40,33078,65,6706,25,982
2018-04-15 16:31:51 -0700,1617,382792,554,106847,187,54033,188,81827,40,33078,65,6713,25,982
2018-04-15 16:40:25 -0700,1617,382792,554,106847,187,54033,188,81827,40,33078,65,6713,25,982
2018-04-15 16:40:41 -0700,1617,382792,554,106847,187,54033,188,81827,40,33078,65,6713,25,982
2018-04-15 17:22:43 -0700,1617,382792,554,106847,187,54033,188,81827,40,33078,65,6713,25,982
2018-04-15 17:22:59 -0700,1617,382812,554,106859,187,54036,188,81827,40,33078,65,6718,25,982
2018-04-15 17:49:29 -0700,1617,382812,554,106859,187,54036,188,81827,40,33078,65,6718,25,982
2018-04-15 17:49:34 -0700,1620,382838,554,106859,187,54036,188,81827,40,33078,65,6725,25,982
2018-04-15 19:50:33 -0700,1620,382854,554,106859,187,54036,188,81827,40,33078,65,6741,25,982
2018-04-15 19:50:38 -0700,1620,382854,554,106859,187,54036,188,81827,40,33078,65,6741,25,982
2018-04-15 19:58:21 -0700,1620,382851,554,106859,187,54036,188,81827,40,33078,65,6738,25,982
2018-04-15 19:59:43 -0700,1620,382881,554,106859,187,54036,188,81827,40,33078,65,6768,25,982
2018-04-15 20:05:01 -0700,1620,382881,554,106859,187,54036,188,81827,40,33078,65,6768,25,982
2018-04-15 20:06:45 -0700,1620,382881,554,106859,187,54036,188,81827,40,33078,65,6768,25,982
2018-04-15 20:36:10 -0700,1620,382881,554,106859,187,54036,188,81827,40,33078,65,6768,25,982
2018-04-15 20:36:16 -0700,1620,382881,554,106859,187,54036,188,81827,40,33078,65,6768,25,982
2018-04-15 20:47:14 -0700,1622,382883,554,106859,187,54036,188,81827,40,33078,65,6768,25,982
2018-04-15 20:59:17 -0700,1622,382883,554,106859,187,54036,188,81827,40,33078,65,6768,25,982
2018-04-15 20:59:24 -0700,1622,382883,554,106859,187,54036,188,81827,40,33078,65,6768,25,982
2018-04-15 21:17:09 -0700,1622,382883,554,106859,187,54036,188,81827,40,33078,65,6768,25,982
2018-04-15 21:21:07 -0700,1627,382888,554,106859,187,54036,188,81827,40,33078,65,6768,25,982
2018-04-15 21:28:54 -0700,1627,382929,554,106859,187,54063,188,81827,40,33078,65,6782,25,982
2018-04-15 21:41:31 -0700,1627,382929,554,106859,187,54063,188,81827,40,33078,65,6782,25,982
2018-04-15 21:42:08 -0700,1627,382929,554,106859,187,54063,188,81827,40,33078,65,6782,25,982
2018-04-15 22:26:40 -0700,1627,382930,554,106859,187,54063,188,81827,40,33078,65,6783,25,982
2018-04-15 23:03:11 -0700,1627,382927,554,106859,187,54060,188,81827,40,33078,65,6783,25,982
2018-04-15 23:04:58 -0700,1627,382934,554,106859,187,54060,188,81827,40,33078,65,6790,25,982
2018-04-30 22:50:19 -0700,1627,382955,554,106859,187,54087,188,81827,40,33078,65,6784,25,982
2018-04-30 23:00:21 -0700,1627,382958,554,106859,187,54087,188,81827,40,33078,65,6787,25,982
2018-04-30 23:00:41 -0700,1627,382958,554,106859,187,54087,188,81827,40,33078,65,6787,25,982
2018-07-18 21:07:38 -0700,1627,382958,554,106859,187,54087,188,81827,40,33078,65,6787,25,982
2018-07-18 21:43:22 -0700,1627,383009,554,106859,187,54132,188,81833,40,33078,65,6787,25,982
2018-07-18 21:57:02 -0700,1627,383025,554,106859,187,54144,188,81837,40,33078,65,6787,25,982
2018-07-18 22:05:32 -0700,1627,383031,554,106859,187,54144,188,81837,40,33078,65,6793,25,982
